City_ID,City,Lat,Lng,Max Temp,Humidity,Cloudiness,Wind Speed,Country,Date
0,port-aux-francais,-49.35,70.2167,273.51,64,95,11.79,TF,1697332081
1,wangdue phodrang,27.4862,89.8991,290.47,90,66,0.38,BT,1697332081
2,kailua-kona,19.6406,-155.9956,302.92,77,20,4.63,US,1697331999
3,la romana,18.4273,-68.9728,299.35,94,20,0.0,DO,1697332081
4,kingaroy,-26.5333,151.8333,302.98,19,0,2.2,AU,1697331823
5,grytviken,-54.2811,-36.5092,269.23,79,20,4.93,GS,1697332082
6,la sarre,48.8002,-79.1996,279.47,89,100,5.27,CA,1697332082
7,ust-nera,64.5667,143.2,263.83,92,100,0.89,RU,1697331829
8,mahibadhoo,3.7833,72.9667,300.18,71,90,1.82,MV,1697332082
9,tolanaro,-25.0319,46.9987,295.16,86,92,1.33,MG,1697332082
10,olonkinbyen,70.9221,-8.7187,270.92,87,100,9.38,SJ,1697332082
11,birao,10.2849,22.7882,298.43,65,100,1.75,CF,1697332083
12,adamstown,-25.066,-130.1015,294.69,78,98,2.34,PN,1697332083
13,yellowknife,62.456,-114.3525,282.82,91,0,5.81,CA,1697332083
14,christchurch,-43.5333,172.6333,292.82,53,1,5.66,NZ,1697332083
15,heunghae,36.1125,129.3522,290.99,62,0,5.21,KR,1697332083
16,saipan,15.1355,145.701,301.54,83,40,3.09,MP,1697332083
17,pisco,-13.7,-76.2167,292.18,82,0,6.17,PE,1697332083
18,kone,-21.0595,164.8658,301.6,60,68,1.04,NC,1697332084
19,port mathurin,-19.6833,63.4167,295.86,68,0,4.75,MU,1697332084
20,stanley,54.868,-1.6985,275.16,83,0,3.6,GB,1697332084
21,college,64.8569,-147.8028,275.32,80,100,3.09,US,1697331892
22,polyarnyy,69.1989,33.4478,275.61,97,100,14.14,RU,1697331944
23,avarua,-21.2078,-159.775,298.18,69,40,5.14,CK,1697332084
24,makhambet,47.6667,51.5833,287.33,76,100,3.62,KZ,1697332084
25,byron bay,-28.65,153.6167,298.34,42,0,2.63,AU,1697331965
26,bikenibeu village,1.3673,173.1241,302.17,69,88,2.96,KI,1697332085
27,ushuaia,-54.8,-68.3,275.61,98,100,2.24,AR,1697332001
28,leteri,24.05,77.4,293.96,47,0,2.42,IN,1697332085
29,vorgashor,67.5833,63.95,271.71,92,100,4.02,RU,1697332085
30,port blair,11.6667,92.75,298.17,100,20,0.51,IN,1697331900
31,port alfred,-33.5906,26.891,289.45,79,100,1.14,ZA,1697332085
32,fort bragg,35.139,-79.006,291.06,96,0,3.6,US,1697332085
33,brigantine,39.4101,-74.3646,287.6,96,100,6.69,US,1697331829
34,ribeira brava,32.65,-17.0667,300.44,18,100,0.87,PT,1697332086
35,ta`u,-14.2336,-169.5144,300.15,78,100,7.62,AS,1697332086
36,kill devil hills,36.0307,-75.676,294.81,97,100,3.6,US,1697332086
37,kodiak,57.79,-152.4072,279.75,67,23,2.32,US,1697331795
38,vadso,70.0744,29.7487,276.24,87,100,11.32,NO,1697331798
39,sao miguel do araguaia,-13.275,-50.1628,304.37,35,77,1.9,BR,1697332086
40,alexandria,31.2156,29.9553,296.44,60,0,4.02,EG,1697332086
41,waitangi,-43.9535,-176.5597,285.81,85,0,10.04,NZ,1697332087
42,albany,42.6001,-73.9662,282.95,83,100,1.12,US,1697331602
43,baotou,40.6522,109.8222,285.42,32,5,3.23,CN,1697332087
44,shetpe,44.1667,52.1167,283.47,42,0,2.8,KZ,1697332087
45,tiksi,71.6872,128.8694,261.74,94,100,3.7,RU,1697332087
46,ilulissat,69.2167,-51.1,267.16,79,100,2.06,GL,1697332067
47,blackmans bay,-43.0167,147.3167,284.55,74,74,0.45,AU,1697332087
48,petropavlovsk-kamchatsky,53.0452,158.6483,281.48,88,40,3.0,RU,1697332087
49,margaret river,-33.95,115.0667,292.55,48,0,3.54,AU,1697332088
50,al bawiti,28.3492,28.8659,293.72,53,0,2.89,EG,1697332088
51,edinburgh of the seven seas,-37.0676,-12.3116,288.03,95,100,11.09,SH,1697332088
52,puerto natales,-51.7236,-72.4875,278.81,81,88,4.02,CL,1697332088
53,wainwright,52.839,-110.8572,282.06,44,7,6.56,CA,1697332088
54,bethel,41.3712,-73.414,282.85,88,100,2.05,US,1697331876
55,iqaluit,63.7506,-68.5145,272.0,86,75,4.63,CA,1697332088
56,arraial do cabo,-22.9661,-42.0278,293.88,84,100,5.45,BR,1697332089
57,benito juarez,19.385,-99.165,293.62,55,75,7.15,MX,1697332089
58,ma'an,26.9775,110.7211,292.36,62,0,0.09,CN,1697332089
59,yanchep,-31.55,115.6833,298.12,38,0,6.04,AU,1697332089
60,ribeira grande,38.5167,-28.7,295.25,93,100,6.71,PT,1697332089
61,tazovsky,67.4667,78.7,275.43,99,100,1.48,RU,1697332089
62,invercargill,-46.4,168.35,282.6,75,91,3.58,NZ,1697332090
63,dongola,19.1667,30.4833,300.69,26,0,8.31,SD,1697332090
64,saint-pierre,-21.3393,55.4781,294.58,73,0,1.54,RE,1697332090
65,san patricio,28.017,-97.5169,299.07,35,86,2.55,US,1697332090
66,thunder bay,48.4001,-89.3168,279.33,78,12,2.78,CA,1697332090
67,grand falls-windsor,48.9332,-55.6649,282.32,94,100,1.82,CA,1697332090
68,punta arenas,-53.15,-70.9167,279.21,75,0,7.2,CL,1697332090
69,sitka,57.0531,-135.33,285.09,71,100,0.0,US,1697332091
70,mo i rana,66.3128,14.1428,274.41,86,75,1.03,NO,1697332091
71,enewetak,11.3474,162.3373,301.76,72,79,3.48,MH,1697332091
72,cabo san lucas,22.8909,-109.9124,301.76,71,0,5.14,MX,1697331819
73,tura,25.5198,90.2201,294.27,81,0,1.0,IN,1697332091
74,keflavik,64.0049,-22.5624,277.39,93,100,5.14,IS,1697332091
75,wailua homesteads,22.0669,-159.378,301.39,69,0,7.2,US,1697332091
76,santa rosa,14.3122,121.1114,303.21,77,19,4.61,PH,1697332091
77,hawaiian paradise park,19.5933,-154.9731,301.88,76,0,2.57,US,1697332092
78,babana,10.4295,3.815,297.96,72,100,1.63,NG,1697332092
79,santa elena de uairen,4.6167,-61.1333,294.03,83,100,0.85,VE,1697332092
80,acapulco de juarez,16.8634,-99.8901,302.05,79,40,4.12,MX,1697332092
81,myeik,12.4333,98.6,299.87,87,98,1.88,MM,1697332092
82,katsuren-haebaru,26.3369,127.8719,300.58,64,75,4.63,JP,1697332092
83,saint-philippe,-21.3585,55.7679,293.92,81,43,4.36,RE,1697332092
84,abomsa,9.9833,39.9833,293.93,50,4,2.23,ET,1697332093
85,priob'ye,62.5206,65.5964,274.79,91,66,4.0,RU,1697332093
86,saldanha,-33.0117,17.9442,289.53,72,100,5.17,ZA,1697332093
87,mount isa,-20.7333,139.5,305.02,9,3,5.66,AU,1697331838
88,uturoa,-16.7333,-151.4333,299.35,69,7,4.36,PF,1697332093
89,jatiroto,-7.8833,111.1167,301.77,57,20,2.33,ID,1697332093
90,porto real,-22.4197,-44.2903,291.62,95,100,0.87,BR,1697332093
91,bilibino,68.0546,166.4372,265.9,94,98,0.43,RU,1697332093
92,semnan,35.5729,53.3971,288.33,56,0,1.51,IR,1697332094
93,mejit,10.2753,170.8646,301.22,76,26,4.24,MH,1697332094
94,isafjordur,66.0755,-23.124,275.96,95,100,4.09,IS,1697332094
95,horsham,51.064,-0.3272,280.38,84,0,2.57,GB,1697331829
96,kosh-agach,50.0,88.6667,278.32,72,100,1.79,RU,1697331804
97,namdrik,5.5994,168.1028,301.92,71,48,3.49,MH,1697332094
98,batie,9.8833,-2.9167,298.18,78,90,1.74,BF,1697332094
99,carnarvon,-24.8667,113.6333,303.45,30,0,5.02,AU,1697332094
100,longyearbyen,78.2186,15.6401,273.06,80,75,4.63,SJ,1697332095
101,hamilton,39.1834,-84.5333,284.69,91,100,6.69,US,1697332091
102,thompson,55.7435,-97.8558,280.24,87,20,1.54,CA,1697331911
103,whitehorse,60.7161,-135.0538,283.88,63,99,8.05,CA,1697332095
104,noosa heads,-26.3833,153.15,303.89,60,0,5.45,AU,1697332095
105,luderitz,-26.6481,15.1594,286.17,96,15,1.55,NA,1697332095
106,puerto carreno,6.189,-67.4859,299.65,83,100,2.29,CO,1697332096
107,pitimbu,-7.4706,-34.8086,299.48,72,100,5.1,BR,1697332096
108,korla,41.7597,86.1469,287.74,31,8,2.14,CN,1697332096
109,vilyuchinsk,52.9306,158.4028,282.3,89,100,2.57,RU,1697331865
110,anadyr,64.75,177.4833,275.43,80,75,4.0,RU,1697332096
111,hotan,37.0997,79.9269,286.23,31,100,1.42,CN,1697332096
112,queenstown,-31.8976,26.8753,280.25,93,97,1.48,ZA,1697332096
113,halifax,44.6453,-63.5724,285.64,79,7,5.14,CA,1697331976
114,alice springs,-23.7,133.8833,298.9,12,0,5.14,AU,1697332097
115,las khorey,11.1595,48.1967,301.35,78,0,2.93,SO,1697332097
116,juneau,58.3019,-134.4197,285.15,91,75,4.12,US,1697332016
117,vieux fort,13.7167,-60.95,300.77,78,40,4.12,LC,1697332097
118,hohhot,40.8106,111.6522,285.6,33,7,2.96,CN,1697332097
119,suva,-18.1416,178.4415,299.86,78,75,5.66,FJ,1697331960
120,karratha,-20.7377,116.8463,307.39,19,2,8.3,AU,1697331989
121,tidjikja,18.5564,-11.4271,302.2,16,0,5.25,MR,1697332097
122,cabedelo,-6.9811,-34.8339,299.52,70,100,5.15,BR,1697332098
123,goure,13.9835,10.2704,302.89,22,100,4.11,NE,1697332098
124,acarau,-2.8856,-40.12,299.4,80,52,8.52,BR,1697332098
125,ballina,-28.8667,153.5667,302.47,47,0,2.92,AU,1697332098
126,bardai,11.65,7.2333,296.03,35,13,0.6,NG,1697332098
127,naze,28.3667,129.4833,296.66,58,49,7.65,JP,1697331900
128,buenaventura,3.8801,-77.0312,297.26,96,100,0.37,CO,1697332098
129,weno,7.4515,151.8468,299.91,80,100,3.61,FM,1697332099
130,semporna,4.4818,118.6112,302.37,71,100,3.83,MY,1697332096
131,qaqortoq,60.7167,-46.0333,276.85,66,12,1.5,GL,1697332099
132,north bend,43.4065,-124.2243,289.18,88,100,0.0,US,1697332099
133,sint michiel liber,12.15,-68.9833,303.05,79,20,4.12,CW,1697332099
134,puerto baquerizo moreno,-0.9,-89.6,296.81,84,89,4.92,EC,1697332099
135,shar'ya,58.3686,45.5144,282.03,70,100,3.58,RU,1697332099
136,nova sintra,14.8667,-24.7167,298.61,79,100,3.92,CV,1697332099
137,mrakovo,52.7161,56.6244,277.67,84,100,2.28,RU,1697332100
138,al mutayrifi,25.4788,49.5576,296.34,40,0,1.76,SA,1697332100
139,remire-montjoly,4.9167,-52.2667,300.17,83,0,2.57,GF,1697332100
140,broome,42.2506,-75.833,281.87,97,100,0.45,US,1697332100
141,marica,-22.9194,-42.8186,294.1,90,100,5.12,BR,1697332100
142,afaahiti,-17.75,-149.2833,301.08,79,23,3.59,PF,1697332100
143,jamestown,42.097,-79.2353,280.94,97,100,4.12,US,1697332053
144,lyantor,61.6195,72.1555,276.35,87,95,5.17,RU,1697332101
145,udachny,66.4167,112.4,264.51,85,9,1.47,RU,1697332101
146,st. john's,47.5649,-52.7093,285.46,98,75,5.14,CA,1697331930
147,lata,40.1629,-8.3327,289.77,94,100,1.13,PT,1697332101
148,isangel,-19.55,169.2667,302.21,70,75,1.54,VU,1697332101
149,souillac,-20.5167,57.5167,294.05,74,62,4.25,MU,1697332101
150,porto belo,-27.1578,-48.5531,292.12,77,100,4.78,BR,1697332101
151,goroka,-6.0834,145.3873,295.25,76,84,0.96,PG,1697332102
152,santana,-0.0583,-51.1817,302.25,74,40,6.69,BR,1697332102
153,acajutla,13.5928,-89.8275,300.49,83,15,1.3,SV,1697332102
154,lihue,21.9789,-159.3672,301.73,69,0,7.2,US,1697332102
155,galle,6.0367,80.217,298.54,86,100,2.16,LK,1697332102
156,urucara,-2.5364,-57.76,301.48,54,100,0.51,BR,1697332102
157,howrah,22.5892,88.3103,300.15,83,20,0.0,IN,1697332103
158,okakarara,-20.5833,17.4333,293.11,18,100,4.6,NA,1697332103
159,hermanus,-34.4187,19.2345,288.52,77,100,7.94,ZA,1697331917
160,dubbo,-32.25,148.6167,295.22,35,7,3.6,AU,1697332061
161,chipinge,-20.1883,32.6236,291.21,91,100,2.07,ZW,1697332103
162,tranas,58.0372,14.9782,280.59,75,24,6.87,SE,1697332103
163,bredasdorp,-34.5322,20.0403,287.3,79,73,5.85,ZA,1697332103
164,badger,64.8,-147.5333,275.27,80,20,3.09,US,1697332103
165,port elizabeth,-33.918,25.5701,286.1,96,100,0.99,ZA,1697332104
166,hirara,24.8,125.2833,298.98,65,96,6.74,JP,1697332104
167,qamdo,31.1667,97.2333,273.6,54,100,1.1,CN,1697331920
168,lebu,-37.6167,-73.65,282.97,79,15,7.93,CL,1697332104
169,imbituba,-28.24,-48.6703,292.54,82,100,4.89,BR,1697332104
170,nurota,40.5614,65.6886,280.47,46,0,3.43,UZ,1697332104
171,port hedland,-20.3167,118.5667,309.18,11,0,7.72,AU,1697332104
172,chazuta,-6.5742,-76.1367,300.62,99,99,1.46,PE,1697332104
173,tsiombe,-25.3,45.4833,294.76,89,8,1.77,MG,1697332105
174,chonchi,-42.6128,-73.8092,281.55,95,38,1.48,CL,1697332105
175,lhasa,29.65,91.1,279.73,59,0,0.97,CN,1697332105
176,guiyang,26.5833,106.7167,289.48,74,8,1.26,CN,1697332105
177,soma,39.1855,27.6094,288.17,68,48,0.48,TR,1697332105
178,dudinka,69.4058,86.1778,274.64,93,100,6.71,RU,1697332105
179,keelakarai,9.2333,78.7833,300.06,77,100,2.79,IN,1697332105
180,moanda,-1.5575,13.2178,292.95,98,87,0.74,GA,1697332106
181,papatowai,-46.5619,169.4708,284.97,57,100,6.94,NZ,1697332106
182,harburg,53.4667,9.9833,280.16,93,75,4.63,DE,1697332106
183,kerikeri,-35.2268,173.9474,295.88,67,44,0.89,NZ,1697332106
184,baijiantan,45.6333,85.1833,283.57,37,67,10.07,CN,1697332106
185,sinabang,2.4803,96.3801,299.15,83,100,1.19,ID,1697332106
186,atafu village,-8.5421,-172.5159,301.73,76,61,9.05,TK,1697332106
187,puerto ayora,-0.7393,-90.3518,297.34,92,41,2.24,EC,1697332106
188,constantia,44.1833,28.65,286.53,85,0,4.88,RO,1697332107
189,tarawa,1.419,172.984,302.27,69,100,3.18,KI,1697332107
190,richards bay,-28.783,32.0377,290.93,66,69,6.5,ZA,1697332107
191,chone,-0.6833,-80.1,297.79,84,94,1.7,EC,1697332107
192,nouadhibou,20.931,-17.0347,300.14,69,4,6.17,MR,1697332107
193,west island,-12.1568,96.8225,299.14,78,40,6.69,CC,1697332107
194,sao joao da barra,-21.6403,-41.0511,294.8,89,100,3.48,BR,1697332107
195,ostrov,57.3439,28.3537,282.74,78,61,6.86,RU,1697332108
196,hengchun,22.0042,120.7439,299.63,76,23,6.67,TW,1697332108
197,khairagarh,26.95,77.8167,299.06,39,4,1.73,IN,1697332108
198,tagiura,32.8817,13.3506,295.86,65,0,1.06,LY,1697332108
199,okha,53.5739,142.9478,281.54,77,82,9.59,RU,1697332108
200,dunedin,-45.8742,170.5036,286.37,56,82,2.68,NZ,1697331891
201,coronel suarez,-37.4547,-61.9334,289.22,32,100,6.4,AR,1697332108
202,fort mcmurray,56.7268,-111.381,284.28,47,14,4.47,CA,1697332109
203,horta,38.5333,-28.6333,294.83,93,100,6.71,PT,1697332109
204,robertsport,6.7533,-11.3686,298.88,86,100,2.75,LR,1697332109
205,heroica matamoros,25.8833,-97.5,297.1,62,0,4.63,MX,1697332063
206,baise city,23.8997,106.6133,295.56,99,0,1.44,CN,1697332109
207,zhangatas,43.5667,69.75,278.26,45,30,3.08,KZ,1697332109
208,kuching,1.55,110.3333,302.11,86,20,2.24,MY,1697332109
209,ambovombe,-25.1667,46.0833,295.33,86,37,2.12,MG,1697332110
210,napili-honokowai,20.9708,-156.6705,301.79,80,12,3.79,US,1697332110
211,saint-georges,12.0564,-61.7485,301.46,80,9,5.03,GD,1697332110
212,taulaga,-11.0553,-171.0883,301.03,73,75,9.33,AS,1697332110
213,rikaze,29.25,88.8833,278.44,52,0,0.87,CN,1697331920
214,teploye,53.6202,37.5903,287.67,65,100,7.31,RU,1697332110
215,havre,49.5833,0.3333,285.02,66,75,5.66,FR,1697332110
216,banatski karlovac,45.0472,21.0161,291.01,59,0,2.31,RS,1697332110
217,sabang,5.8933,95.3214,300.45,78,100,4.91,ID,1697332111
218,utrik,11.2278,169.8474,301.39,76,13,5.12,MH,1697331816
219,gallup,35.5281,-108.7426,290.06,20,0,6.17,US,1697332111
220,ancud,-41.8697,-73.8203,281.25,81,100,1.82,CL,1697332111
221,weyburn,49.6668,-103.8511,280.78,52,17,3.64,CA,1697332111
222,port macquarie,-31.4333,152.9167,298.09,49,0,3.74,AU,1697332111
223,wuhai,39.6647,106.8122,287.9,27,0,1.4,CN,1697332112
224,praia da vitoria,38.7333,-27.0667,294.68,94,100,3.37,PT,1697332112
225,bucerias,20.75,-105.3333,302.14,79,100,1.03,MX,1697332112
226,carutapera,-1.195,-46.02,299.83,76,80,3.38,BR,1697332112
227,peniche,39.3558,-9.3811,291.64,95,100,1.13,PT,1697332112
228,garcia,25.8167,-100.5833,289.74,79,100,1.71,MX,1697332112
229,hithadhoo,-0.6,73.0833,300.39,75,38,3.7,MV,1697331818
230,tchollire,8.4022,14.1698,296.89,78,99,1.83,CM,1697332112
231,an nuhud,12.7,28.4333,302.22,42,100,1.5,SD,1697332113
232,sept-iles,50.2001,-66.3821,283.18,91,100,3.13,CA,1697332113
233,noumea,-22.2763,166.4572,302.14,99,33,3.1,NC,1697332113
234,bemidji,47.4736,-94.8803,282.07,81,100,1.54,US,1697332113
235,banda aceh,5.5577,95.3222,300.16,79,100,3.25,ID,1697331880
236,kuqa,41.7278,82.9364,287.76,38,4,1.44,CN,1697332113
237,anapa,44.8908,37.3239,285.92,81,0,4.0,RU,1697332113
238,tvoroyri,61.5556,-6.8111,278.57,57,100,10.49,FO,1697332114
239,gargalianoi,37.0667,21.6333,291.68,79,6,2.68,GR,1697332114
240,chengde,40.9725,117.9361,287.05,38,0,1.52,CN,1697332027
241,qeshm,26.9581,56.2719,302.13,74,0,2.91,IR,1697332114
242,tonj,7.2737,28.6822,294.88,93,29,1.54,SS,1697332114
243,isiro,2.7739,27.616,292.46,100,100,1.18,CD,1697332114
244,volchikha,52.0333,80.3833,280.36,68,100,4.02,RU,1697332114
245,roseburg north,43.2645,-123.3033,289.75,75,40,0.0,US,1697332114
246,mikhaylov,54.2292,39.0186,285.55,64,99,7.47,RU,1697332115
247,kilju,40.9642,129.3278,292.42,47,12,0.77,KP,1697332115
248,tobelo,1.7284,128.0095,301.89,75,99,1.95,ID,1697332115
249,vallenar,-28.5708,-70.7581,293.19,47,0,0.21,CL,1697332115
250,newman,37.3138,-121.0208,301.09,26,100,1.34,US,1697332115
251,doka,13.5167,35.7667,297.44,67,0,1.33,SD,1697332115
252,pasil,17.3833,121.1333,296.74,78,60,1.08,PH,1697332115
253,zhangjiajie,29.1294,110.4783,294.37,72,0,0.59,CN,1697332116
254,corner brook,48.9667,-57.9484,283.06,92,100,2.2,CA,1697332116
255,pallasovka,50.05,46.8833,281.98,89,5,3.41,RU,1697332116
256,rio grande,-32.035,-52.0986,289.79,72,100,8.18,BR,1697332015
257,daru,-9.0763,143.2092,300.18,78,71,5.43,PG,1697332116
258,panjab,34.388,67.0233,276.22,38,2,1.55,AF,1697332116
259,brisas de zicatela,15.8369,-97.0419,302.44,54,75,0.0,MX,1697332116
260,shalya,57.2471,58.7298,274.68,92,100,2.86,RU,1697332116
261,vangaindrano,-23.35,47.6,295.75,96,58,2.3,MG,1697332117
262,andovoranto,-18.95,49.1,296.69,94,100,3.52,MG,1697332117
263,gadzhiyevo,69.2551,33.3362,275.54,97,100,14.28,RU,1697332117
264,grand gaube,-20.0064,57.6608,293.36,70,66,5.47,MU,1697332117
265,fortuna,40.5982,-124.1573,290.66,87,20,3.6,US,1697332117
266,lerwick,60.1545,-1.1494,278.15,67,100,12.14,GB,1697332117
267,kiama,-34.6833,150.8667,295.07,53,10,3.24,AU,1697332117
268,nemuro,43.3236,145.575,288.86,66,8,2.73,JP,1697332117
269,new norfolk,-42.7826,147.0587,285.21,82,97,2.59,AU,1697332118
270,saint croix,17.7397,-64.7388,300.4,81,0,2.06,VI,1697332074
271,al mijlad,11.0333,27.7333,300.69,63,100,1.16,SD,1697332118
272,talnakh,69.4865,88.3972,274.38,88,98,2.45,RU,1697332118
273,berlin,52.5244,13.4105,282.53,77,0,6.26,DE,1697331660
274,genhe,50.7833,121.5167,275.68,40,0,5.42,CN,1697332118
275,valparai,10.3667,76.9667,288.52,93,100,1.14,IN,1697332118
276,ciudad real,39.0,-4.0,288.77,94,7,3.58,ES,1697332118
277,kailaras,26.3167,77.6167,298.82,45,28,2.45,IN,1697331918
278,selibaby,15.159,-12.1829,303.79,41,100,3.57,MR,1697332119
279,garoua,9.3,13.4,299.51,70,100,2.67,CM,1697332119
280,island harbour,50.724,-1.2758,280.89,89,0,1.79,GB,1697332119
281,soio,-6.1349,12.3689,297.96,84,100,4.73,AO,1697332119
282,launceston,-41.45,147.1667,286.12,47,40,5.66,AU,1697332119
283,mount vernon,40.9126,-73.8371,283.68,87,100,3.6,US,1697332119
284,fale old settlement,-9.3852,-171.2468,301.61,76,90,9.16,TK,1697332120
285,sovetsk,55.0839,21.8785,282.78,71,9,7.45,RU,1697332120
286,charleston,32.7766,-79.9309,294.27,89,0,4.63,US,1697331968
287,dhangadhi,28.7079,80.5961,293.2,76,9,0.9,NP,1697332120
288,merizo village,13.2658,144.6691,303.47,84,100,5.17,GU,1697332120
289,fisterra,42.9049,-9.2629,288.57,79,100,2.23,ES,1697332120
290,yinchuan,38.4681,106.2731,287.71,29,0,1.67,CN,1697332120
291,krupki,54.3178,29.1358,283.72,75,100,3.13,BY,1697332120
292,kanker,20.2719,81.4931,294.25,70,0,1.22,IN,1697331979
293,crane,31.3974,-102.3501,292.14,30,0,3.69,US,1697332121
294,pyt-yakh,60.7499,72.8582,277.96,88,100,3.74,RU,1697332121
295,kapa'a,22.0752,-159.319,302.14,69,0,7.2,US,1697332121
296,bodaybo,57.8506,114.1933,274.56,84,100,2.11,RU,1697332121
297,tucumcari,35.1717,-103.725,285.9,46,0,3.6,US,1697332121
298,puerto aysen,-45.4,-72.7,278.47,99,87,1.82,CL,1697332121
299,morant bay,17.8815,-76.4093,299.1,85,49,2.52,JM,1697332121
300,dukhan,25.4297,50.7858,302.77,55,0,1.27,QA,1697332122
301,dedza,-14.3779,34.3332,292.25,49,83,1.45,MW,1697332122
302,codrington,-38.2667,141.9667,286.53,73,100,6.62,AU,1697332122
303,chatham,51.3789,0.5279,281.07,70,2,0.45,GB,1697332122
304,pangkalanbuun,-2.6833,111.6167,302.79,64,100,2.0,ID,1697332122
305,ahmadpur,18.7,76.9333,295.89,66,13,1.36,IN,1697332122
306,sabzevar,36.2126,57.6819,287.98,45,19,2.59,IR,1697331992
307,farkhar,36.5729,69.8578,283.11,79,73,0.3,AF,1697332123
308,moncks corner,33.196,-80.0131,294.06,84,0,3.09,US,1697332123
309,vila franca do campo,37.7167,-25.4333,294.75,99,100,2.77,PT,1697332123
310,usogorsk,63.4106,48.6872,275.74,96,100,5.39,RU,1697332123
311,mana,5.6592,-53.7767,300.62,82,36,5.71,GF,1697332123
312,pangody,65.85,74.4859,272.84,88,100,4.97,RU,1697332123
313,hanzhong,33.0728,107.0303,289.19,70,0,0.65,CN,1697332123
314,brokopondo,4.75,-55.1667,301.39,73,100,6.82,SR,1697332123
315,antonio enes,-16.2325,39.9086,297.91,88,32,4.7,MZ,1697332124
316,kulhudhuffushi,6.6221,73.07,299.45,76,100,2.42,MV,1697332124
317,smithers,54.7804,-127.1743,284.59,71,100,0.51,CA,1697332124
318,piti village,13.4626,144.6933,303.64,83,40,5.66,GU,1697332124
319,as sanad,34.4628,9.264,291.91,35,0,1.22,TN,1697332124
320,kisesa,-3.0833,34.15,296.54,59,100,1.98,TZ,1697332124
321,aykhal,66.0,111.5,262.08,92,35,0.89,RU,1697332124
322,sunrise manor,36.2111,-115.0731,299.39,15,20,1.54,US,1697331856
323,saudarkrokur,65.7461,-19.6394,274.45,95,100,6.87,IS,1697332125
324,labrador city,52.9463,-66.9114,278.34,93,100,8.14,CA,1697332125
325,cidreira,-30.1811,-50.2056,289.99,85,56,8.46,BR,1697332125
326,howard springs,-12.497,131.047,304.1,30,40,3.08,AU,1697331930
327,solok,-0.7918,100.6593,295.68,81,99,0.32,ID,1697332125
328,casper,42.8666,-106.3131,281.33,66,0,3.6,US,1697332125
329,magadan,59.5667,150.8,271.78,73,100,2.68,RU,1697332125
330,pasuquin,18.3328,120.6177,303.12,79,20,2.06,PH,1697332125
331,fish town,5.1964,-7.8756,295.39,99,100,0.99,LR,1697332126
332,paragominas,-2.9667,-47.4833,298.41,75,91,2.45,BR,1697331974
333,lagoa,39.05,-27.9833,293.6,83,100,4.13,PT,1697332126
334,iskateley,67.6803,53.1512,270.94,93,67,1.79,RU,1697332126
335,atar,20.5169,-13.0499,303.39,15,5,4.36,MR,1697332126
336,sitangkai,4.6628,119.3928,301.94,74,100,4.58,PH,1697332126
337,yuzhno-kurilsk,44.0306,145.8556,287.25,69,98,2.02,RU,1697332126
338,haining,30.5363,120.6864,292.16,67,0,3.67,CN,1697332126
339,riverside,33.7333,-116.0508,301.59,19,0,1.54,US,1697331910
340,east london,-33.0153,27.9116,288.18,81,98,3.18,ZA,1697332127
341,westport,41.1415,-73.3579,284.05,90,100,2.57,US,1697331973
342,huesca,42.1362,-0.4087,288.53,83,0,3.09,ES,1697332127
343,sinan,34.8262,126.1086,292.09,69,3,7.8,KR,1697332127
344,el granada,37.5027,-122.4694,295.95,83,100,5.66,US,1697332127
345,mercedes,-34.6515,-59.4307,288.59,69,0,4.83,AR,1697332127
346,mhamid,29.82,-5.72,296.19,27,22,2.29,MA,1697332127
347,robore,-18.3333,-59.75,300.9,45,9,1.53,BO,1697332128
348,harstad,68.799,16.5293,277.68,74,100,11.62,NO,1697332128
349,jiangyou,31.7667,104.7167,292.08,72,69,0.99,CN,1697332128
350,galesong,-5.3166,119.3661,305.16,57,6,0.36,ID,1697332128
351,mount gambier,-37.8333,140.7667,287.46,60,100,5.0,AU,1697332128
352,vilhena,-12.7406,-60.1458,298.15,66,41,1.48,BR,1697332100
353,georgetown,5.4112,100.3354,300.11,89,40,2.24,MY,1697331863
354,chinde,26.8418,88.0763,287.69,80,11,1.58,NP,1697332128
355,numan,9.4667,12.0333,299.72,75,100,4.09,NG,1697332129
356,san fernando,15.0286,120.6898,304.0,72,14,1.53,PH,1697332129
357,coquimbo,-29.9533,-71.3436,287.52,78,7,1.56,CL,1697332129
358,stephenville,32.2207,-98.2023,290.89,41,0,2.57,US,1697332129
359,klyuchi,52.2667,79.1667,279.95,59,100,4.85,RU,1697332129
360,jahazpur,25.6167,75.2833,297.09,49,0,3.11,IN,1697332129
361,villazon,-22.0866,-65.5942,286.3,44,100,3.98,BO,1697332129
362,puttalam,8.0362,79.8283,299.35,84,100,4.64,LK,1697332129
363,sao jose da coroa grande,-8.8978,-35.1478,298.25,76,97,4.31,BR,1697332130
364,petropavlovka,50.6114,105.3196,277.36,62,12,1.02,RU,1697332130
365,fada,9.5667,8.3,293.39,89,82,0.28,NG,1697332130
366,yengema,8.7167,-11.1667,294.2,98,100,0.41,SL,1697332130
367,sosnovo-ozerskoye,52.5249,111.5418,272.8,64,22,3.43,RU,1697332130
368,ewo,-0.8725,14.8206,295.82,90,100,1.62,CG,1697332130
369,zaozersk,69.4005,32.4476,275.25,98,100,13.41,RU,1697332130
370,susuman,62.7833,148.1667,263.7,83,100,0.89,RU,1697332131
371,nanao,37.05,136.9667,289.44,94,100,1.92,JP,1697332131
372,kingston,17.997,-76.7936,302.68,91,20,1.54,JM,1697331925
373,nuuk,64.1835,-51.7216,275.49,100,100,5.14,GL,1697332131
374,tyukhtet,56.5389,89.3011,278.39,71,100,4.81,RU,1697332131
375,belyy yar,53.6039,91.3903,277.09,93,40,0.0,RU,1697332131
376,malango,-2.9627,119.9001,299.52,65,25,1.6,ID,1697332131
377,angaur state,6.906,134.13,301.35,79,18,2.5,PW,1697332131
378,kununurra,-15.7667,128.7333,305.14,31,5,2.57,AU,1697332132
379,velikiy ustyug,60.7644,46.3106,281.7,95,100,4.92,RU,1697332132
380,dodge city,37.7528,-100.0171,281.83,67,0,4.12,US,1697332132
381,tazacorte,28.629,-17.9293,301.57,23,0,4.92,ES,1697332132
382,tayshet,55.9342,98.0044,275.97,71,100,1.47,RU,1697332132
383,xai-xai,-25.0519,33.6442,294.32,64,100,6.37,MZ,1697332132
384,tabina,7.4669,123.4081,301.35,69,30,0.99,PH,1697332132
385,faya-largeau,17.9257,19.1043,302.51,23,6,9.66,TD,1697332132
386,livny,52.4253,37.6069,285.2,76,93,6.7,RU,1697332133
387,zheleznodorozhnyy,55.7503,38.0042,287.44,96,100,5.81,RU,1697332133
388,turpan,42.9333,89.1667,291.16,38,7,2.79,CN,1697332133
389,glace bay,46.1969,-59.957,283.65,94,99,2.24,CA,1697332133
390,bongor,10.2806,15.3722,299.72,44,78,2.45,TD,1697332133
391,wewak,-3.5534,143.6268,302.93,68,100,1.59,PG,1697332133
392,san antonio de pale,-1.4014,5.6325,298.89,84,68,7.77,GQ,1697332133
393,santo antonio do ica,-3.1022,-67.9397,299.39,70,6,1.08,BR,1697332134
394,sarandi del yi,-33.35,-55.6333,284.26,72,0,7.09,UY,1697331882
395,ad dawadimi,24.5077,44.3924,293.79,20,0,5.44,SA,1697332134
396,hilo,19.7297,-155.09,303.86,73,0,2.57,US,1697331999
397,zunyi,27.6867,106.9072,289.62,80,0,0.85,CN,1697332134
398,livingston,55.9029,-3.5226,276.56,71,0,3.6,GB,1697332134
399,nar'yan-mar,67.6713,53.087,270.99,93,57,1.79,RU,1697332134
400,muscat,23.6139,58.5922,301.16,67,0,0.83,OM,1697332134
401,xilin hot,43.9667,116.0333,277.24,41,0,3.84,CN,1697331924
402,gobo,33.8833,135.15,293.81,72,3,8.02,JP,1697332135
403,metlili chaamba,32.2667,3.6333,293.89,29,6,2.02,DZ,1697332135
404,road town,18.4167,-64.6167,301.2,78,20,0.0,VG,1697332135
405,shagonar,51.5333,92.8,280.43,62,100,1.01,RU,1697332135
406,pierre,44.3683,-100.351,281.4,79,40,1.34,US,1697332135
407,chibougamau,49.9168,-74.3659,279.94,81,100,6.69,CA,1697332135
408,estevan,49.1334,-102.9842,279.94,70,75,2.57,CA,1697332135
409,masterton,-40.9597,175.6575,287.53,60,17,8.58,NZ,1697332136
410,mossel bay,-34.1831,22.146,288.45,83,51,7.63,ZA,1697332136
411,sumter,28.7086,-82.0831,296.47,85,0,3.9,US,1697332136
412,castillos,-34.1667,-53.8333,283.37,78,0,3.09,UY,1697332136
413,bontang,0.1333,117.5,301.45,76,100,2.25,ID,1697332136
414,shimoda,34.6667,138.95,289.35,85,100,4.51,JP,1697332136
415,colombo,6.9319,79.8478,298.12,85,100,1.83,LK,1697332061
416,youkounkoun,12.5333,-13.1333,298.76,86,98,1.39,GN,1697332137
417,aasiaat,68.7098,-52.8699,269.17,76,100,1.13,GL,1697332137
418,ketchikan,55.3422,-131.6461,285.41,94,100,3.09,US,1697332137
419,linz,48.3064,14.2861,285.36,82,75,6.17,AT,1697332137
420,dolores,-36.3132,-57.6792,284.66,76,99,4.38,AR,1697332137
421,lompoc,34.6391,-120.4579,296.23,78,0,5.81,US,1697332137
422,hadibu,12.65,54.0333,299.82,77,3,1.55,YE,1697332137
423,rawson,-43.3002,-65.1023,287.07,59,51,0.91,AR,1697332138
424,ajka,47.102,17.5589,287.62,81,100,8.1,HU,1697332138
425,starke,29.9441,-82.1098,295.98,100,75,2.06,US,1697332138
426,colac,-38.3333,143.5833,286.02,78,100,4.54,AU,1697332138
427,kourou,5.1552,-52.6478,300.18,80,98,5.2,GF,1697332138
428,vila velha,-20.3297,-40.2925,295.12,98,75,3.6,BR,1697332138
429,sal rei,16.1833,-22.9167,301.13,78,100,2.78,CV,1697332138
430,clarksville,36.5298,-87.3595,286.71,96,100,4.12,US,1697332139
431,tralee,52.2704,-9.7026,281.72,79,98,1.77,IE,1697332086
432,langzhong,31.5504,105.9938,292.28,75,28,1.52,CN,1697332139
433,la ronge,55.1001,-105.2842,281.18,71,0,3.57,CA,1697332139
434,tannum sands,-23.9504,151.3693,302.45,57,1,4.12,AU,1697332139
435,betamcherla,15.4667,78.1667,296.75,73,70,1.22,IN,1697332139
436,franklin,39.9667,-83.0166,284.93,89,100,7.2,US,1697331980
437,coronel oviedo,-25.4167,-56.45,295.41,73,5,2.16,PY,1697331985
438,miyaly,48.8844,53.7836,285.15,73,93,3.66,KZ,1697332140
439,bazarnyye mataki,54.8833,49.9333,283.16,62,100,6.26,RU,1697332140
440,freeport,40.6576,-73.5832,284.24,90,100,4.12,US,1697331947
441,lathrop,37.8227,-121.2766,299.83,34,0,2.06,US,1697332140
442,lorengau,-2.0226,147.2712,302.91,69,100,1.43,PG,1697332140
443,kaihua,23.3687,104.28,288.48,84,100,1.6,CN,1697332140
444,sigli,5.3848,95.9609,299.9,76,53,1.65,ID,1697332140
445,bilajer,40.5681,50.0378,284.05,87,0,0.0,AZ,1697332141
446,terrace,54.5163,-128.6035,284.94,88,100,0.38,CA,1697332141
447,tambopata,-12.7333,-69.1833,299.59,60,5,0.78,PE,1697332141
448,glazov,58.1394,52.6584,279.29,93,100,5.72,RU,1697332141
449,saint-joseph,-21.3667,55.6167,293.97,79,20,3.32,RE,1697332141
450,kristiansund,63.1115,7.732,281.18,70,75,7.2,NO,1697331934
451,la paz,-16.5,-68.15,281.14,52,42,3.09,BO,1697332132
452,wang noi,14.2269,100.7155,302.14,85,76,0.63,TH,1697332142
453,leava,-14.3,-178.1667,299.75,82,29,9.16,WF,1697332142
454,broken hill,-31.95,141.4333,293.05,41,1,2.88,AU,1697331850
455,balakhta,55.38,91.6,276.14,74,100,2.3,RU,1697332142
456,tangalle,6.024,80.7911,297.24,89,95,3.55,LK,1697332142
457,kencong,-8.2833,113.3667,301.49,64,88,0.67,ID,1697332142
458,china,25.7,-99.2333,295.16,40,94,6.35,MX,1697332142
459,pacific grove,36.6177,-121.9166,294.06,85,0,3.09,US,1697332020
460,zheleznogorsk,52.331,35.3711,286.51,51,97,7.15,RU,1697332143
461,al jawf,29.5,38.75,292.76,50,0,5.48,SA,1697332143
462,novyy turtkul',41.55,61.0167,275.1,35,92,3.38,UZ,1697332143
463,conde,-7.2597,-34.9075,298.85,83,20,4.12,BR,1697332143
464,retreat,38.8245,-85.8533,285.34,92,100,1.34,US,1697332143
465,kathu,7.9178,98.3332,302.98,73,100,4.41,TH,1697332143
466,troitsko-pechorsk,62.7084,56.1964,275.2,96,29,4.47,RU,1697332143
467,sittwe,20.15,92.9,297.47,86,4,3.06,MM,1697332144
468,taro,-8.3862,115.28,296.15,54,46,1.51,ID,1697332144
469,taroa,8.7058,171.2275,301.26,75,24,3.88,MH,1697332144
470,palikir - national government center,6.9248,158.1611,303.62,74,75,4.12,FM,1697332144
471,amga,60.8953,131.9608,265.92,78,71,2.68,RU,1697332144
472,niafunke,15.9322,-3.9906,304.39,15,6,4.34,ML,1697332144
473,riviere-du-loup,47.8304,-69.5342,281.64,93,100,2.06,CA,1697331963
474,pericos,25.05,-107.7,303.1,77,0,2.79,MX,1697332145
475,agadez,19.75,10.25,296.96,21,0,4.74,NE,1697332145
476,port lincoln,-34.7333,135.8667,289.7,60,100,6.49,AU,1697332063
477,farrokh shahr,32.2717,50.9801,285.0,46,0,1.93,IR,1697332145
478,ismailia,30.6043,32.2723,293.41,71,0,1.68,EG,1697331977
479,nizhneangarsk,55.7833,109.55,276.48,72,94,4.47,RU,1697332145
480,nuku'alofa,-21.1333,-175.2,299.34,69,40,6.69,TO,1697332146
481,bayanhongor,46.7167,100.1167,276.69,48,22,0.93,MN,1697332146
482,ayios konstandinos,38.6333,21.4,290.52,87,2,0.91,GR,1697332146
483,mirny,62.5353,113.9611,268.28,92,66,0.82,RU,1697332146
484,dragalina,44.4333,27.3167,289.68,85,6,2.58,RO,1697332146
485,okhotsk,59.3833,143.3,275.44,76,100,5.3,RU,1697332146
486,sarangani,5.4033,125.4636,301.78,74,64,2.87,PH,1697332146
487,kandi,11.1342,2.9386,298.32,62,99,1.98,BJ,1697332147
488,salekhard,66.53,66.6019,270.25,84,27,3.57,RU,1697332147
489,sodra sandby,56.5667,16.6167,283.09,81,34,12.61,SE,1697332147
490,tabou,4.423,-7.3528,298.14,91,73,3.08,CI,1697332147
491,minas de marcona,-15.2119,-75.1103,288.95,73,86,3.75,PE,1697332147
492,batabano,22.7164,-82.2881,297.49,79,98,2.06,CU,1697332147
493,ust'-ilimsk,58.0006,102.6619,277.84,74,99,4.02,RU,1697332148
494,hammerfest,70.6634,23.6821,274.4,86,75,3.6,NO,1697332117
495,tromso,69.6496,18.957,274.16,75,75,3.6,NO,1697332148
496,kindu,-2.95,25.95,293.31,99,100,0.41,CD,1697332148
497,kavalerovo,44.2661,135.0572,289.01,44,72,0.45,RU,1697332148
498,mount pearl,47.5166,-52.7813,285.0,98,75,5.14,CA,1697332139
499,point pedro,9.8167,80.2333,300.47,79,98,5.55,LK,1697332149
500,laojunmiao,39.8333,97.7333,283.05,16,0,2.52,CN,1697332149
501,safotu,-13.4513,-172.4018,300.64,81,29,9.23,WS,1697332149
502,namie,37.4833,141.0,288.55,94,100,1.37,JP,1697332149
503,ostersund,63.1792,14.6357,276.4,93,75,9.77,SE,1697332149
504,dryden,49.7833,-92.7503,279.43,75,5,1.92,CA,1697332149
505,mathis,28.0945,-97.828,296.0,65,36,2.6,US,1697332149
506,huambo,-12.7761,15.7392,289.86,80,100,1.99,AO,1697332150
507,el porvenir,13.7617,-87.3458,299.78,96,13,0.21,HN,1697332150
508,rongelap,11.1635,166.8941,301.59,75,86,3.55,MH,1697332150
509,yuci,37.6803,112.7319,285.01,43,0,1.0,CN,1697332150
510,kelso,46.1468,-122.9084,289.31,90,100,3.58,US,1697332150
511,boca do acre,-8.7522,-67.3978,298.22,81,78,1.24,BR,1697332150
512,ilhabela,-23.7781,-45.3581,292.75,91,100,5.36,BR,1697332150
513,torghay,49.6339,63.4981,280.79,75,45,3.35,KZ,1697332150
514,revda,56.801,59.9303,274.59,91,97,2.49,RU,1697332151
515,miri,4.4148,114.0089,299.87,84,100,1.96,MY,1697332151
516,taoudenni,22.6783,-3.9836,301.41,17,16,2.0,ML,1697332151
517,sun city center,27.7181,-82.3518,298.18,88,2,0.89,US,1697332151
518,klaksvik,62.2266,-6.589,275.66,62,100,10.26,FO,1697332151
519,bandarbeyla,9.4942,50.8122,299.5,86,1,1.46,SO,1697332151
520,sirte,31.2089,16.5887,295.48,72,1,0.53,LY,1697332152
521,jhingergacha,23.1131,89.0938,297.53,77,0,0.61,BD,1697332152
522,douentza,14.9951,-2.9517,303.63,19,50,1.72,ML,1697332152
523,lazaro cardenas,17.9583,-102.2,300.61,86,94,2.7,MX,1697332152
524,sao gabriel da cachoeira,-0.1303,-67.0892,297.93,82,9,0.93,BR,1697331918
525,nova vicosa,-17.8919,-39.3719,297.1,90,73,2.49,BR,1697331966
526,rouissat,31.9243,5.3502,296.53,25,5,2.57,DZ,1697332152
527,arteche,12.2645,125.4048,302.08,74,15,1.26,PH,1697332153
528,luorong,24.4058,109.6086,294.65,64,5,2.7,CN,1697332153
529,ushirombo,-3.4919,31.9639,294.74,73,100,0.42,TZ,1697332153
530,barcelos,41.5388,-8.6151,292.51,85,100,1.31,PT,1697332153
531,villa regina,-39.1,-67.0667,292.03,20,96,2.88,AR,1697332153
532,pajok,3.8651,32.4821,292.75,88,100,1.12,SS,1697332153
533,kloulklubed,7.0419,134.2556,301.31,79,18,2.49,PW,1697332154
534,avallon,47.4833,3.9,284.76,51,98,1.44,FR,1697332154
535,waounde,15.2637,-12.8682,304.84,24,100,1.23,SN,1697332154
536,igarka,67.4667,86.5833,274.23,98,100,6.17,RU,1697332154
537,berettyoujfalu,47.2167,21.55,289.53,70,61,2.91,HU,1697332154
538,malvan,16.0667,73.4667,298.44,85,5,1.88,IN,1697332154
539,sambava,-14.2667,50.1667,297.2,91,74,2.06,MG,1697332154
540,solleftea,63.1667,17.2667,274.07,77,84,5.07,SE,1697332155
541,alice town,25.7167,-79.3,302.2,81,90,6.98,BS,1697332155
542,mili,6.0815,171.735,301.85,72,39,3.85,MH,1697332155
543,barkhan,29.8977,69.5256,290.97,35,0,1.79,PK,1697332155
544,youhao,47.8667,128.8333,280.08,45,6,5.77,CN,1697332155
545,beloyarskiy,63.7119,66.6722,274.82,88,41,1.79,RU,1697332155
546,takoradi,4.8845,-1.7554,297.98,94,84,3.25,GH,1697332155
547,al ghayzah,16.2079,52.176,298.52,79,7,1.13,YE,1697332156
548,namsos,64.4662,11.4957,279.18,65,75,4.63,NO,1697332156
549,maryville,35.7565,-83.9705,289.99,68,100,5.66,US,1697332101
550,fort st. john,56.2499,-120.8529,284.78,49,100,2.52,CA,1697332156
